number,driver,constructor,position,grid,year
10,farina,alfa,1,3,1950
48,serafini,ferrari,2,6,1950
48,ascari,ferrari,2,6,1950
36,fagioli,alfa,3,5,1950
58,rosier,lago,4,13,1950
24,etancelin,lago,5,16,1950
38,graffenried,maserati,6,17,1950
8,whitehead,ferrari,7,18,1950
50,murray,maserati,8,24,1950
32,harrison,era,9,21,1950
12,sommer,lago,10,8,1950
40,guy_mairesse,lago,11,11,1950
4,rol,maserati,12,9,1950
60,fangio,alfa,13,7,1950
60,taruffi,alfa,13,7,1950
56,levegh,lago,14,20,1950
18,fangio,alfa,15,1,1950
2,claes,lago,16,22,1950
16,ascari,ferrari,17,2,1950
22,biondetti,ferrari,18,25,1950
64,louveau,lago,19,16,1950
62,comotti,maserati,20,26,1950
42,trintignant,simca,21,12,1950
6,chiron,maserati,22,19,1950
46,sanesi,alfa,23,4,1950
44,manzon,simca,24,10,1950
30,bira,maserati,25,15,1950
28,pietsch,maserati,26,27,1950
52,bonetto,milano,27,23,1950
2,ascari,ferrari,1,3,1951
6,gonzalez,ferrari,2,4,1951
40,bonetto,alfa,3,7,1951
40,farina,alfa,3,7,1951
4,villoresi,ferrari,4,5,1951
8,taruffi,ferrari,5,6,1951
48,simon,simca,6,11,1951
18,rosier,lago,7,15,1951
24,cabantous,lago,8,14,1951
44,rol,osca,9,18,1951
38,fangio,alfa,10,1,1951
50,trintignant,simca,11,12,1951
46,manzon,simca,12,13,1951
20,chiron,lago,13,17,1951
22,levegh,lago,14,20,1951
28,swaters,lago,15,22,1951
34,farina,alfa,16,2,1951
26,claes,lago,17,21,1951
36,graffenried,alfa,18,9,1951
16,whitehead,ferrari,19,19,1951
12,landi,ferrari,20,16,1951
30,reg_parnell,brm,21,8,1951
32,richardson,brm,22,10,1951
12,ascari,ferrari,1,1,1952
26,gonzalez,maserati,2,5,1952
16,villoresi,ferrari,3,2,1952
10,farina,ferrari,4,3,1952
22,bonetto,maserati,5,13,1952
8,simon,ferrari,6,8,1952
14,taruffi,ferrari,7,6,1952
48,landi,maserati,8,18,1952
40,wharton,cooper,9,15,1952
62,rosier,ferrari,10,17,1952
50,cantoni,maserati,11,23,1952
30,poore,connaught,12,19,1952
36,brandon,cooper,13,20,1952
2,manzon,gordini,14,7,1952
38,alan_brown,cooper,15,12,1952
32,moss,connaught,16,1,1952
46,bianco,maserati,17,25,1952
6,behra,gordini,18,11,1952
42,hawthorn,cooper,19,12,1952
24,rol,maserati,20,16,1952
4,trintignant,gordini,21,4,1952
28,mcalpine,connaught,22,2,1952
18,fischer,ferrari,23,16,1952
34,bayol,osca,24,10,1952
50,fangio,maserati,1,2,1953
6,farina,ferrari,2,3,1953
2,villoresi,ferrari,3,5,1953
8,hawthorn,ferrari,4,6,1953
36,trintignant,gordini,5,8,1953
40,mieres,gordini,6,16,1953
56,musso,maserati,7,12,1953
56,mantovani,maserati,7,12,1953
10,maglioli,ferrari,8,11,1953
38,schell,gordini,9,15,1953
32,chiron,osca,10,25,1953
44,bira,maserati,11,23,1953
46,alan_brown,cooper,12,24,1953
28,moss,cooper,13,10,1953
48,hans_stuck,afm,14,29,1953
16,cabantous,hwm,15,28,1953
64,rosier,ferrari,16,17,1953
4,ascari,ferrari,17,1,1953
52,bonetto,maserati,18,7,1953
54,marimon,maserati,19,4,1953
58,graffenried,maserati,20,9,1953
20,fairman,connaught,21,22,1953
30,wharton,cooper,22,19,1953
24,mcalpine,connaught,23,18,1953
12,carini,ferrari,24,20,1953
22,salvadori,connaught,25,14,1953
2,landi,maserati,26,21,1953
34,bayol,osca,27,13,1953
18,fitch,hwm,28,26,1953
26,claes,connaught,29,30,1953
16,fangio,mercedes,1,1,1954
40,hawthorn,ferrari,2,7,1954
38,gonzalez,ferrari,3,13,1954
38,maglioli,ferrari,3,13,1954
12,herrmann,mercedes,4,8,1954
30,trintignant,ferrari,5,11,1954
42,wacker,gordini,6,18,1954
10,collins,vanwall,7,16,1954
26,rosier,maserati,8,20,1954
18,mantovani,maserati,9,9,1954
28,moss,maserati,10,3,1954
8,daponte,maserati,11,19,1954
34,ascari,ferrari,12,2,1954
22,villoresi,maserati,13,6,1954
14,kling,mercedes,14,4,1954
24,mieres,maserati,15,10,1954
20,musso,maserati,16,14,1954
32,gonzalez,ferrari,17,5,1954
6,manzon,ferrari,18,15,1954
46,bucci,gordini,19,17,1954
44,behra,gordini,20,12,1954
18,fangio,mercedes,1,1,1955
14,taruffi,mercedes,2,9,1955
4,castellotti,ferrari,3,4,1955
36,behra,maserati,4,6,1955
34,menditeguy,maserati,5,16,1955
12,maglioli,ferrari,6,12,1955
28,mieres,maserati,7,7,1955
8,trintignant,ferrari,8,15,1955
40,fitch,maserati,9,20,1955
6,hawthorn,ferrari,10,14,1955
20,kling,mercedes,11,3,1955
30,musso,maserati,12,10,1955
38,gould,maserati,13,21,1955
16,moss,mercedes,14,2,1955
26,pollet,gordini,15,19,1955
22,ramos,gordini,16,18,1955
32,collins,maserati,17,11,1955
42,schell,vanwall,18,13,1955
24,lucas,gordini,19,22,1955
44,wharton,vanwall,20,17,1955
2,farina,ferrari,21,5,1955
10,villoresi,ferrari,22,8,1955
46,piotti,arzani-volpini,23,0,1955
36,moss,maserati,1,6,1956
26,fangio,ferrari,2,7,1956
26,collins,ferrari,2,7,1956
4,flockhart,connaught,3,26,1956
38,godia,maserati,4,18,1956
6,fairman,connaught,5,16,1956
40,piotti,maserati,6,15,1956
14,graffenried,maserati,7,19,1956
22,fangio,ferrari,8,1,1956
22,castellotti,ferrari,8,1,1956
12,simon,gordini,9,25,1956
42,gerini,maserati,10,17,1956
44,salvadori,maserati,11,14,1956
28,musso,ferrari,12,3,1956
46,maglioli,maserati,13,13,1956
46,behra,maserati,13,13,1956
18,schell,vanwall,14,10,1956
32,behra,maserati,15,5,1956
48,halford,maserati,16,22,1956
20,trintignant,vanwall,17,11,1956
16,taruffi,vanwall,18,4,1956
24,castellotti,ferrari,19,2,1956
34,bonnier,maserati,20,8,1956
34,villoresi,maserati,20,8,1956
10,manzon,gordini,21,23,1956
30,portago,ferrari,22,9,1956
2,leston,connaught,23,20,1956
8,ramos,gordini,24,21,1956
50,trips,ferrari,25,0,1956
18,moss,vanwall,1,2,1957
2,fangio,maserati,2,4,1957
36,trips,ferrari,3,8,1957
26,gregory,maserati,4,11,1957
8,schell,maserati,5,12,1957
8,scarlatti,maserati,5,12,1957
34,hawthorn,ferrari,6,10,1957
22,brooks,vanwall,7,3,1957
32,musso,ferrari,8,9,1957
10,godia,maserati,9,15,1957
14,gould,maserati,10,18,1957
28,volonterio,maserati,11,16,1957
28,simon,maserati,11,16,1957
30,collins,ferrari,12,7,1957
20,lewis-evans,vanwall,13,1,1957
6,behra,maserati,14,5,1957
16,halford,maserati,15,14,1957
4,schell,maserati,16,6,1957
24,bonnier,maserati,17,13,1957
12,piotti,maserati,18,17,1957
28,brooks,vanwall,1,2,1958
14,hawthorn,ferrari,2,3,1958
18,phil_hill,ferrari,3,7,1958
32,shelby,maserati,4,11,1958
32,gregory,maserati,4,11,1958
6,salvadori,cooper,5,14,1958
38,hill,team_lotus,6,12,1958
36,allison,team_lotus,7,16,1958
42,filippis,maserati,8,21,1958
22,cabianca,maserati,9,20,1958
8,behra,brm,10,8,1958
24,herrmann,maserati,11,18,1958
30,lewis-evans,vanwall,12,4,1958
2,trintignant,cooper,13,13,1958
26,moss,vanwall,14,1,1958
12,bonnier,brm,15,10,1958
20,gendebien,ferrari,16,5,1958
40,gerini,maserati,17,19,1958
34,shelby,maserati,18,17,1958
16,trips,ferrari,19,6,1958
10,schell,brm,20,9,1958
4,jack_brabham,cooper,21,15,1958
14,moss,cooper-climax,1,1,1959
32,phil_hill,ferrari,2,5,1959
12,jack_brabham,cooper-climax,3,3,1959
36,gurney,ferrari,4,4,1959
34,allison,ferrari,5,8,1959
38,gendebien,ferrari,6,6,1959
2,schell,brm,7,7,1959
6,bonnier,brm,8,11,1959
16,trintignant,cooper-climax,9,13,1959
26,shelby,aston_martin,10,19,1959
40,davis,cooper-maserati,11,18,1959
10,scarlatti,cooper-climax,12,12,1959
4,flockhart,brm,13,15,1959
42,burgess,cooper-maserati,14,16,1959
28,cabianca,maserati,15,21,1959
24,salvadori,aston_martin,16,17,1959
8,mclaren,cooper-climax,17,9,1959
22,fairman,cooper-maserati,18,12,1959
20,ireland,team_lotus,19,14,1959
18,hill,team_lotus,20,10,1959
30,brooks,ferrari,21,2,1959
20,phil_hill,ferrari,1,1,1960
18,ginther,ferrari,2,2,1960
16,mairesse,ferrari,3,3,1960
2,cabianca,cooper-castellotti,4,4,1960
22,trips,ferrari,5,6,1960
26,herrmann,porsche,6,10,1960
24,barth,porsche,7,12,1960
12,drogo,cooper-climax,8,15,1960
10,seidel,cooper-climax,9,13,1960
28,gamble,behra-porsche,10,14,1960
6,naylor,jbw,11,7,1960
34,thiele,cooper-maserati,12,9,1960
4,munaron,cooper-castellotti,13,8,1960
36,scarlatti,cooper-maserati,14,5,1960
30,vic_wilson,cooper-climax,15,16,1960
8,owen,cooper-climax,16,11,1960
14,gould,maserati,17,0,1960
2,phil_hill,ferrari,1,4,1961
46,gurney,porsche,2,12,1961
12,mclaren,cooper-climax,3,14,1961
60,lewis,cooper-climax,4,16,1961
26,brooks,brm,5,13,1961
40,salvadori,cooper-climax,6,18,1961
74,beaufort,porsche,7,15,1961
62,bandini,cooper-maserati,8,21,1961
48,trintignant,cooper-maserati,9,22,1961
16,parnell,lotus-climax,10,27,1961
20,henry_taylor,lotus-climax,11,23,1961
58,pirocchi,cooper-maserati,12,29,1961
28,moss,lotus-climax,13,11,1961
6,ginther,ferrari,14,3,1961
72,starrabba,lotus-maserati,15,30,1961
44,bonnier,porsche,16,8,1961
8,ricardo_rodriguez,ferrari,17,2,1961
32,baghetti,ferrari,18,6,1961
50,vaccarella,de_tomaso-alfa_romeo,19,20,1961
22,gregory,lotus-climax,20,17,1961
24,hill,brm,21,5,1961
10,jack_brabham,cooper-climax,22,10,1961
14,naylor,jbw,23,31,1961
38,ireland,lotus-climax,24,9,1961
30,fairman,cooper-climax,25,26,1961
42,surtees,cooper-climax,26,19,1961
4,trips,ferrari,27,1,1961
36,clark,lotus-climax,28,7,1961
54,bussinello,de_tomaso-alfa_romeo,29,24,1961
56,seidel,lotus-climax,30,28,1961
14,hill,brm,1,2,1962
12,ginther,brm,2,3,1962
28,mclaren,cooper-climax,3,4,1962
8,mairesse,ferrari,4,10,1962
2,baghetti,ferrari,5,18,1962
18,bonnier,porsche,6,9,1962
30,maggs,cooper-climax,7,12,1962
6,bandini,ferrari,8,17,1962
24,vaccarella,lotus-climax,9,14,1962
32,beaufort,porsche,10,20,1962
10,phil_hill,ferrari,11,15,1962
38,gregory,lotus-brm,12,6,1962
16,gurney,porsche,13,7,1962
4,ricardo_rodriguez,ferrari,14,11,1962
40,ireland,lotus-climax,15,5,1962
46,surtees,lola,16,8,1962
44,salvadori,lola,17,13,1962
22,trevor_taylor,lotus-climax,18,16,1962
48,settember,emeryson,19,21,1962
36,trintignant,lotus-climax,20,19,1962
20,clark,lotus-climax,21,1,1962
58,kuhnke,lotus-borgward,31,0,1962
8,clark,lotus-climax,1,3,1963
10,ginther,brm,2,4,1963
18,mclaren,cooper-climax,3,8,1963
32,ireland,brp,4,10,1963
22,jack_brabham,brabham,5,7,1963
20,maggs,cooper-climax,6,13,1963
58,bonnier,cooper-climax,7,11,1963
30,hall,lotus-brm,8,17,1963
66,trintignant,brm,9,20,1963
40,hailwood,lola,10,18,1963
16,phil_hill,ats,11,14,1963
48,anderson,lola,12,19,1963
6,spence,lotus-climax,13,9,1963
24,gurney,brabham,14,5,1963
14,baghetti,ats,15,25,1963
12,hill,brm,16,2,1963
54,siffert,lotus-brm,17,16,1963
2,bandini,ferrari,18,6,1963
42,gregory,lotus-brm,19,12,1963
4,surtees,ferrari,20,1,1963
38,amon,lola,21,0,1963
26,mitter,porsche,29,0,1963
36,burgess,scirocco,30,0,1963
52,seiffert,lotus-brm,31,0,1963
56,abate,porsche,32,0,1963
60,starrabba,lotus-maserati,33,0,1963
2,surtees,ferrari,1,1,1964
26,mclaren,cooper-climax,2,5,1964
4,bandini,ferrari,3,7,1964
20,ginther,brm,4,9,1964
46,ireland,brp,5,13,1964
10,spence,lotus-climax,6,8,1964
12,siffert,brabham-brm,7,6,1964
30,baghetti,brm,8,15,1964
6,scarfiotti,ferrari,9,16,1964
16,gurney,brabham-climax,10,2,1964
22,anderson,brabham-climax,11,14,1964
34,bonnier,brabham-climax,12,12,1964
38,revson,lotus-brm,13,18,1964
14,jack_brabham,brabham-climax,14,11,1964
8,clark,lotus-climax,15,4,1964
50,cabral,derrington,16,19,1964
48,trintignant,brm,17,21,1964
28,bucknum,honda,18,10,1964
40,hailwood,lotus-brm,19,17,1964
18,hill,brm,20,3,1964
32,stewart,brm,1,3,1965
30,hill,brm,2,4,1965
12,gurney,brabham-climax,3,9,1965
4,bandini,ferrari,4,5,1965
16,mclaren,cooper-climax,5,11,1965
40,attwood,lotus-brm,6,13,1965
42,bonnier,brabham-climax,7,14,1965
18,rindt,cooper-climax,8,7,1965
38,ireland,lotus-brm,9,18,1965
24,clark,lotus-climax,10,1,1965
26,spence,lotus-climax,11,8,1965
6,vaccarella,ferrari,12,15,1965
50,bussinello,brm,13,21,1965
20,ginther,honda,14,17,1965
14,hulme,brabham-climax,15,12,1965
46,gardner,brabham-brm,16,16,1965
44,siffert,brabham-brm,17,10,1965
28,geki,lotus-climax,18,20,1965
8,surtees,ferrari,19,2,1965
22,bucknum,honda,20,6,1965
48,gregory,brm,21,23,1965
10,baghetti,brabham-climax,22,19,1965
52,bassi,brm,23,22,1965
6,scarfiotti,ferrari,1,2,1966
4,parkes,ferrari,2,1,1966
12,hulme,brabham-repco,3,10,1966
16,rindt,cooper-maserati,4,8,1966
42,spence,lotus-brm,5,14,1966
40,anderson,brabham-climax,6,15,1966
48,bondurant,brm,7,18,1966
24,arundell,lotus-brm,8,13,1966
20,geki,lotus-climax,9,20,1966
44,baghetti,ferrari,10,16,1966
22,clark,lotus-brm,11,3,1966
36,siffert,cooper-maserati,12,17,1966
2,bandini,ferrari,13,5,1966
14,surtees,cooper-maserati,14,4,1966
18,ginther,honda,15,7,1966
10,jack_brabham,brabham-repco,16,6,1966
30,gurney,eagle-weslake,17,19,1966
28,stewart,brm,18,9,1966
38,bonnier,cooper-maserati,19,12,1966
26,hill,brm,20,11,1966
14,surtees,honda,1,9,1967
16,jack_brabham,brabham-repco,2,2,1967
20,clark,lotus-ford,3,1,1967
30,rindt,cooper-maserati,4,11,1967
36,spence,brm,5,12,1967
32,ickx,cooper-maserati,6,15,1967
2,amon,ferrari,7,4,1967
22,hill,lotus-ford,8,8,1967
6,siffert,cooper-maserati,9,13,1967
24,baghetti,lotus-ford,10,17,1967
4,mclaren,mclaren-brm,11,3,1967
26,bonnier,cooper-maserati,12,14,1967
34,stewart,brm,13,7,1967
18,hulme,brabham-repco,14,6,1967
12,ligier,brabham-repco,15,18,1967
38,irwin,brm,16,16,1967
10,scarfiotti,eagle-weslake,17,10,1967
8,gurney,eagle-weslake,18,5,1967
1,hulme,mclaren-ford,1,7,1968
5,gavin,matra-ford,2,13,1968
8,ickx,ferrari,3,4,1968
27,courage,brm,4,17,1968
6,beltoise,matra,5,18,1968
3,bonnier,mclaren-brm,6,19,1968
20,siffert,lotus-ford,7,9,1968
10,jack_brabham,brabham-repco,8,16,1968
4,stewart,matra-ford,9,6,1968
15,hobbs,honda,10,14,1968
19,oliver,lotus-ford,11,11,1968
2,mclaren,mclaren-ford,12,2,1968
11,rindt,brabham-repco,13,10,1968
26,rodriguez,brm,14,15,1968
21,gurney,eagle-weslake,15,12,1968
16,hill,lotus-ford,16,5,1968
14,surtees,honda,17,1,1968
9,amon,ferrari,18,3,1968
7,bell,ferrari,19,8,1968
23,elford,cooper-brm,20,20,1968
20,stewart,matra-ford,1,3,1969
4,rindt,lotus-ford,2,1,1969
22,beltoise,matra-ford,3,6,1969
18,mclaren,mclaren-ford,4,5,1969
32,courage,brabham-ford,5,4,1969
10,rodriguez,ferrari,6,12,1969
16,hulme,mclaren-ford,7,2,1969
30,siffert,lotus-ford,8,8,1969
1,hill,lotus-ford,9,9,1969
26,ickx,brabham-ford,10,15,1969
14,surtees,brm,11,10,1969
12,oliver,brm,12,11,1969
36,moser,brabham-ford,13,13,1969
28,jack_brabham,brabham-ford,14,7,1969
6,miles,lotus-ford,15,14,1969
4,regazzoni,ferrari,1,3,1970
18,stewart,march,2,4,1970
40,beltoise,matra,3,14,1970
30,hulme,mclaren-ford,4,9,1970
46,stommelen,brabham,5,17,1970
20,cevert,march,6,11,1970
48,amon,march,7,18,1970
34,adamich,mclaren-alfa_romeo,8,12,1970
32,gethin,mclaren-ford,9,16,1970
8,oliver,brm,10,6,1970
52,peterson,march,11,13,1970
44,jack_brabham,brabham,12,8,1970
2,ickx,ferrari,13,1,1970
12,eaton,brm,14,20,1970
54,schenken,tomaso,15,19,1970
6,giunti,ferrari,16,15,1970
42,pescarolo,matra,17,5,1970
10,rodriguez,brm,18,2,1970
50,siffert,march,19,7,1970
14,surtees,surtees,20,10,1970
28,hill,team_lotus,21,0,1970
24,miles,team_lotus,22,0,1970
22,rindt,team_lotus,23,0,1970
26,emerson_fittipaldi,team_lotus,25,0,1970
18,gethin,brm,1,11,1971
25,peterson,march-ford,2,6,1971
2,cevert,tyrrell,3,5,1971
9,hailwood,surtees,4,17,1971
19,ganley,brm,5,4,1971
12,amon,matra,6,1,1971
14,oliver,mclaren,7,13,1971
5,emerson_fittipaldi,lotus-pw,8,18,1971
20,siffert,brm,9,3,1971
28,bonnier,mclaren,10,21,1971
10,hill,brabham,11,14,1971
26,jarier,march-ford,12,24,1971
24,beuttler,march-ford,13,16,1971
16,pescarolo,march-ford,14,10,1971
23,adamich,march-alfa_romeo,15,20,1971
4,regazzoni,ferrari,16,8,1971
3,ickx,ferrari,17,2,1971
30,stewart,tyrrell,18,7,1971
22,galli,march-ford,19,19,1971
11,schenken,brabham,20,9,1971
27,moser,bellasi,21,22,1971
21,marko,brm,22,12,1971
7,surtees,surtees,23,15,1971
8,stommelen,surtees,24,23,1971
6,emerson_fittipaldi,team_lotus,1,4,1972
10,hailwood,surtees,2,9,1972
14,hulme,mclaren,3,5,1972
15,revson,mclaren,4,8,1972
28,hill,brabham,5,13,1972
23,gethin,brm,6,12,1972
3,mario_andretti,ferrari,7,7,1972
21,beltoise,brm,8,16,1972
19,peterson,march,9,24,1972
16,beuttler,march,10,25,1972
22,ganley,brm,11,17,1972
24,wisell,brm,12,10,1972
18,lauda,march,13,20,1972
4,ickx,ferrari,14,1,1972
20,amon,matra,15,2,1972
9,adamich,surtees,16,21,1972
29,wilson_fittipaldi,brabham,17,19,1972
7,surtees,surtees,18,22,1972
8,schenken,surtees,19,15,1972
5,regazzoni,ferrari,20,4,1972
26,pace,march,21,18,1972
30,reutemann,brabham,22,11,1972
2,cevert,tyrrell,23,14,1972
11,galli,tecno,24,23,1972
1,stewart,tyrrell,25,3,1972
2,peterson,team_lotus,1,1,1973
1,emerson_fittipaldi,team_lotus,2,4,1973
8,revson,mclaren,3,2,1973
5,stewart,tyrrell,4,6,1973
6,cevert,tyrrell,5,11,1973
10,reutemann,brabham,6,10,1973
23,hailwood,surtees,7,8,1973
3,ickx,ferrari,8,14,1973
29,purley,march,9,24,1973
16,follmer,shadow,10,21,1973
17,oliver,shadow,11,19,1973
9,stommelen,brabham,12,9,1973
20,beltoise,brm,13,13,1973
12,hill,shadow,14,22,1973
7,hulme,mclaren,15,3,1973
25,ganley,iso_marlboro,16,20,1973
15,beuttler,march,17,12,1973
21,lauda,brm,18,15,1973
19,regazzoni,brm,19,18,1973
24,pace,surtees,20,5,1973
26,lennep,iso_marlboro,21,23,1973
28,opel,ensign,22,17,1973
11,wilson_fittipaldi,brabham,23,16,1973
4,merzario,ferrari,24,7,1973
27,hunt,march,25,0,1973
1,peterson,team_lotus,1,7,1974
5,emerson_fittipaldi,mclaren,2,6,1974
3,scheckter,tyrrell,3,12,1974
20,merzario,iso_marlboro,4,15,1974
8,pace,brabham,5,3,1974
6,hulme,mclaren,6,19,1974
28,watson,brabham,7,4,1974
26,hill,lola,8,21,1974
33,hobbs,mclaren,9,23,1974
16,pryce,shadow,10,22,1974
4,depailler,tyrrell,11,10,1974
11,regazzoni,ferrari,12,5,1974
12,lauda,ferrari,13,1,1974
2,ickx,team_lotus,14,16,1974
27,stommelen,lola,15,14,1974
21,laffite,iso_marlboro,16,17,1974
17,jarier,shadow,17,9,1974
10,brambilla,march,18,13,1974
29,schenken,trojan,19,20,1974
7,reutemann,brabham,20,2,1974
9,stuck,march,21,18,1974
15,pescarolo,brm,22,25,1974
24,hunt,hesketh,23,8,1974
37,migault,brm,24,24,1974
14,beltoise,brm,25,11,1974
11,regazzoni,ferrari,1,2,1975
1,emerson_fittipaldi,mclaren,2,3,1975
12,lauda,ferrari,3,1,1975
7,reutemann,brabham,4,7,1975
24,hunt,hesketh,5,8,1975
16,pryce,shadow-ford,6,14,1975
4,depailler,tyrrell,7,12,1975
3,scheckter,tyrrell,8,4,1975
34,ertl,hesketh,9,17,1975
25,lunger,hesketh,10,21,1975
30,merzario,fittipaldi,11,26,1975
32,amon,ensign,12,19,1975
6,crawford,team_lotus,13,25,1975
20,zorzi,williams,14,22,1975
17,jarier,shadow-matra,15,13,1975
29,lombardi,march,16,24,1975
10,stuck,march,17,16,1975
21,laffite,williams,18,18,1975
8,pace,brabham,19,10,1975
22,stommelen,hill,20,23,1975
2,mass,mclaren,21,5,1975
5,peterson,team_lotus,22,11,1975
23,brise,hill,23,6,1975
27,mario_andretti,parnelli,24,15,1975
9,brambilla,march,25,9,1975
14,evans,brm,26,20,1975
10,peterson,march,1,8,1976
2,regazzoni,ferrari,2,9,1976
26,laffite,ligier,3,1,1976
1,lauda,ferrari,4,5,1976
3,scheckter,tyrrell,5,2,1976
4,depailler,tyrrell,6,4,1976
9,brambilla,march,7,16,1976
16,pryce,shadow,8,15,1976
35,reutemann,ferrari,9,7,1976
22,ickx,ensign,10,10,1976
28,watson,penske,11,26,1976
19,jones,surtees,12,18,1976
6,nilsson,team_lotus,13,12,1976
18,lunger,surtees,14,24,1976
30,emerson_fittipaldi,fittipaldi,15,20,1976
24,ertl,hesketh,16,19,1976
38,pescarolo,surtees,17,22,1976
37,pesenti_rossi,tyrrell,18,21,1976
17,jarier,shadow,19,17,1976
7,stommelen,brabham-alfa_romeo,20,11,1976
34,stuck,march,21,6,1976
5,mario_andretti,team_lotus,22,14,1976
11,hunt,mclaren,23,24,1976
40,perkins,boro,24,13,1976
8,pace,brabham-alfa_romeo,25,3,1976
12,mass,mclaren,26,25,1976
25,edwards,hesketh,27,0,1976
20,merzario,wolf,28,0,1976
39,stuppacher,tyrrell,29,0,1976
5,mario_andretti,team_lotus,1,4,1977
11,lauda,ferrari,2,5,1977
17,jones,shadow,3,16,1977
2,mass,mclaren,4,9,1977
22,regazzoni,ensign,5,7,1977
3,peterson,tyrrell,6,12,1977
27,neve,march,7,24,1977
26,laffite,ligier,8,8,1977
24,keegan,hesketh,9,23,1977
10,ian_scheckter,march,10,17,1977
12,reutemann,ferrari,11,2,1977
16,patrese,shadow,12,6,1977
14,giacomelli,mclaren,13,15,1977
8,stuck,brabham,14,11,1977
1,hunt,mclaren,15,1,1977
4,depailler,tyrrell,16,13,1977
20,scheckter,wolf,17,3,1977
15,jabouille,renault,18,20,1977
34,jarier,penske,19,18,1977
23,tambay,ensign,20,21,1977
19,brambilla,surtees,21,10,1977
6,nilsson,team_lotus,22,22,1977
30,lunger,mclaren,23,19,1977
7,watson,brabham,24,14,1977
1,lauda,brabham,1,4,1978
2,watson,brabham,2,7,1978
11,reutemann,ferrari,3,11,1978
26,laffite,ligier,4,8,1978
8,tambay,mclaren,5,19,1978
5,mario_andretti,team_lotus,6,1,1978
12,gilles_villeneuve,ferrari,7,2,1978
14,emerson_fittipaldi,fittipaldi,8,13,1978
29,piquet,mclaren,9,24,1978
22,daly,ensign,10,18,1978
4,depailler,tyrrell,11,16,1978
20,scheckter,wolf,12,9,1978
27,jones,williams,13,6,1978
33,giacomelli,mclaren,14,20,1978
17,regazzoni,shadow,15,15,1978
35,patrese,arrows,16,12,1978
7,hunt,mclaren,17,10,1978
37,merzario,merzario,18,22,1978
15,jabouille,renault,19,3,1978
6,peterson,team_lotus,20,5,1978
3,pironi,tyrrell,21,14,1978
16,stuck,shadow,22,17,1978
30,lunger,mclaren,23,21,1978
19,brambilla,surtees,24,23,1978
11,scheckter,ferrari,1,3,1979
12,gilles_villeneuve,ferrari,2,5,1979
28,regazzoni,williams,3,6,1979
5,lauda,brabham-alfa_romeo,4,9,1979
1,mario_andretti,team_lotus,5,10,1979
4,jarier,tyrrell,6,16,1979
2,reutemann,team_lotus,7,13,1979
14,emerson_fittipaldi,fittipaldi,8,20,1979
27,jones,williams,9,4,1979
3,pironi,tyrrell,10,12,1979
9,stuck,ats,11,15,1979
36,brambilla,alfa,12,22,1979
29,patrese,arrows,13,17,1979
15,jabouille,renault,14,1,1979
26,laffite,ligier,15,7,1979
20,keke_rosberg,wolf,16,23,1979
25,ickx,ligier,17,11,1979
18,angelis,shadow,18,24,1979
35,giacomelli,alfa,19,18,1979
16,arnoux,renault,20,2,1979
7,watson,mclaren,21,19,1979
8,tambay,mclaren,22,14,1979
30,mass,arrows,23,21,1979
6,piquet,brabham-alfa_romeo,24,8,1979
15,prost,renault,1,3,1981
1,jones,williams,2,5,1981
2,reutemann,williams,3,2,1981
11,angelis,team_lotus,4,11,1981
28,pironi,ferrari,5,8,1981
5,piquet,brabham,6,6,1981
8,cesaris,mclaren,7,16,1981
23,giacomelli,alfa,8,10,1981
32,jarier,osella,9,18,1981
35,henton,toleman,10,23,1981
22,mario_andretti,alfa,11,13,1981
17,daly,march,12,19,1981
25,tambay,ligier,13,15,1981
12,mansell,team_lotus,14,12,1981
7,watson,mclaren,15,7,1981
29,patrese,arrows,16,20,1981
4,alboreto,tyrrell,17,22,1981
14,salazar,ensign,18,24,1981
16,arnoux,renault,19,1,1981
26,laffite,ligier,20,4,1981
3,cheever,tyrrell,21,17,1981
9,borgudd,ats,22,21,1981
27,gilles_villeneuve,ferrari,23,9,1981
6,rebaque,brabham,24,14,1981
16,arnoux,renault,1,6,1982
27,tambay,ferrari,2,3,1982
28,mario_andretti,ferrari,3,1,1982
7,watson,mclaren,4,12,1982
3,alboreto,tyrrell,5,11,1982
25,cheever,ligier,6,14,1982
12,mansell,team_lotus,7,23,1982
6,keke_rosberg,williams,8,7,1982
10,salazar,ats,9,25,1982
22,cesaris,alfa,10,9,1982
20,serra,fittipaldi,11,26,1982
30,baldi,arrows,12,24,1982
14,guerrero,ensign,13,18,1982
11,angelis,team_lotus,14,17,1982
23,giacomelli,alfa,15,8,1982
29,surer,arrows,16,19,1982
15,prost,renault,17,5,1982
8,lauda,mclaren,18,10,1982
31,jarier,osella,19,15,1982
1,piquet,brabham,20,2,1982
2,patrese,brabham,21,4,1982
26,laffite,ligier,22,21,1982
36,fabi,toleman,23,22,1982
5,daly,williams,24,13,1982
35,warwick,toleman,25,16,1982
4,henton,tyrrell,26,20,1982
5,piquet,brabham,1,4,1983
28,arnoux,ferrari,2,3,1983
16,cheever,renault,3,7,1983
27,tambay,ferrari,4,2,1983
11,angelis,team_lotus,5,8,1983
35,warwick,toleman,6,12,1983
36,giacomelli,toleman,7,14,1983
12,mansell,team_lotus,8,11,1983
25,jarier,ligier,9,19,1983
29,surer,arrows,10,20,1983
1,keke_rosberg,williams,11,16,1983
34,cecotto,theodore,12,26,1983
33,guerrero,theodore,13,21,1983
31,corrado_fabi,osella,14,25,1983
4,sullivan,tyrrell,15,22,1983
30,boutsen,arrows,16,18,1983
9,manfred_winkelhock,ats,17,9,1983
3,alboreto,tyrrell,18,24,1983
15,prost,renault,19,5,1983
8,lauda,mclaren,20,13,1983
7,watson,mclaren,21,15,1983
32,ghinzani,osella,22,23,1983
23,baldi,alfa,23,10,1983
40,johansson,spirit,24,17,1983
6,patrese,brabham,25,1,1983
22,cesaris,alfa,26,6,1983
8,lauda,mclaren,1,4,1984
27,alboreto,ferrari,2,11,1984
22,patrese,alfa,3,9,1984
19,johansson,toleman,4,17,1984
30,gartner,osella,5,24,1984
31,berger,ats,6,20,1984
24,ghinzani,osella,7,22,1984
21,rothengatter,spirit,8,25,1984
23,cheever,alfa,9,10,1984
18,boutsen,arrows,10,19,1984
15,tambay,renault,11,8,1984
2,fabi,brabham,12,5,1984
17,surer,arrows,13,15,1984
16,warwick,renault,14,12,1984
10,palmer,ram,15,26,1984
1,piquet,brabham,16,1,1984
11,angelis,team_lotus,17,3,1984
12,mansell,team_lotus,18,7,1984
5,laffite,williams,19,13,1984
6,keke_rosberg,williams,20,6,1984
26,cesaris,ligier,21,16,1984
25,hesnault,ligier,22,18,1984
9,alliot,ram,23,23,1984
28,arnoux,ferrari,24,14,1984
7,prost,mclaren,25,2,1984
14,manfred_winkelhock,ats,26,21,1984
2,prost,mclaren,1,5,1985
7,piquet,brabham,2,4,1985
12,senna,team_lotus,3,1,1985
8,surer,brabham,4,9,1985
28,johansson,ferrari,5,10,1985
11,angelis,team_lotus,6,6,1985
15,tambay,renault,7,8,1985
3,brundle,tyrrell,8,18,1985
18,boutsen,arrows,9,14,1985
25,streiff,ligier,10,19,1985
5,mansell,williams,11,3,1985
19,fabi,toleman,12,15,1985
27,alboreto,ferrari,13,7,1985
6,keke_rosberg,williams,14,2,1985
26,laffite,ligier,15,20,1985
1,lauda,mclaren,16,16,1985
22,patrese,alfa,17,13,1985
24,rothengatter,osella,18,22,1985
9,alliot,ram,19,26,1985
17,berger,arrows,20,11,1985
16,warwick,renault,21,6,1985
33,jones,lola,22,25,1985
23,cheever,alfa,23,17,1985
10,acheson,ram,24,24,1985
29,martini,minardi,25,23,1985
20,ghinzani,toleman,26,0,1985
6,piquet,williams,1,6,1986
5,mansell,williams,2,3,1986
28,johansson,ferrari,3,12,1986
2,keke_rosberg,mclaren,4,8,1986
20,berger,benetton,5,4,1986
15,jones,lola,6,18,1986
18,boutsen,arrows,7,13,1986
17,danner,arrows,8,16,1986
4,streiff,tyrrell,9,23,1986
3,brundle,tyrrell,10,20,1986
22,caffi,osella,11,27,1986
19,fabi,benetton,12,1,1986
27,alboreto,ferrari,13,9,1986
23,cesaris,minardi,14,21,1986
31,capelli,ags,15,25,1986
25,arnoux,ligier,16,11,1986
14,palmer,zakspeed,17,22,1986
1,prost,mclaren,18,2,1986
26,alliot,ligier,19,14,1986
11,dumfries,team_lotus,20,17,1986
8,warwick,brabham,21,7,1986
24,nannini,minardi,22,19,1986
21,ghinzani,osella,23,26,1986
16,tambay,lola,24,15,1986
7,patrese,brabham,25,10,1986
29,rothengatter,zakspeed,26,24,1986
12,senna,team_lotus,27,5,1986
6,piquet,williams,1,1,1987
12,senna,team_lotus,2,4,1987
5,mansell,williams,3,2,1987
28,berger,ferrari,4,3,1987
20,boutsen,benetton,5,6,1987
2,johansson,mclaren,6,11,1987
19,fabi,benetton,7,7,1987
26,ghinzani,ligier,8,19,1987
10,danner,zakspeed,9,16,1987
25,arnoux,ligier,10,15,1987
11,satoru_nakajima,team_lotus,11,14,1987
4,streiff,tyrrell,12,24,1987
16,capelli,march,13,25,1987
3,palmer,tyrrell,14,22,1987
1,prost,mclaren,15,5,1987
24,nannini,minardi,16,18,1987
9,brundle,zakspeed,17,17,1987
30,alliot,larrousse,18,23,1987
23,campos,minardi,19,20,1987
18,cheever,arrows,20,13,1987
22,forini,osella,21,26,1987
21,caffi,osella,22,21,1987
27,alboreto,ferrari,23,8,1987
17,warwick,arrows,24,12,1987
8,cesaris,brabham,25,10,1987
7,patrese,brabham,26,9,1987
28,berger,ferrari,1,3,1988
27,alboreto,ferrari,2,4,1988
18,cheever,arrows,3,5,1988
17,warwick,arrows,4,6,1988
16,capelli,march,5,11,1988
20,boutsen,benetton,6,8,1988
6,patrese,williams,7,10,1988
15,gugelmin,march,8,13,1988
19,nannini,benetton,9,9,1988
12,senna,mclaren,10,1,1988
5,schlesser,williams,11,22,1988
4,bailey,tyrrell,12,26,1988
25,arnoux,ligier,13,24,1988
11,prost,mclaren,14,2,1988
30,alliot,larrousse,15,20,1988
14,streiff,ags,16,23,1988
10,schneider,zakspeed,17,15,1988
22,cesaris,rial,18,18,1988
9,ghinzani,zakspeed,19,16,1988
36,caffi,dallara,20,21,1988
29,dalmas,larrousse,21,25,1988
23,martini,minardi,22,14,1988
2,satoru_nakajima,team_lotus,23,12,1988
24,sala,minardi,24,19,1988
1,piquet,team_lotus,25,7,1988
21,larini,osella,26,17,1988
2,prost,mclaren,1,4,1989
28,berger,ferrari,2,2,1989
5,boutsen,williams,3,6,1989
6,patrese,williams,4,5,1989
4,alesi,tyrrell,5,10,1989
7,brundle,brabham,6,12,1989
23,martini,minardi,7,15,1989
24,sala,minardi,8,26,1989
25,arnoux,ligier,9,23,1989
12,satoru_nakajima,team_lotus,10,19,1989
21,caffi,dallara,11,20,1989
22,cesaris,dallara,12,17,1989
1,senna,mclaren,13,1,1989
27,mansell,ferrari,14,3,1989
37,gachot,onyx,15,22,1989
19,nannini,benetton,16,8,1989
16,capelli,march,17,18,1989
26,grouillard,ligier,18,21,1989
11,piquet,team_lotus,19,11,1989
3,palmer,tyrrell,20,14,1989
9,warwick,arrows,21,16,1989
17,larini,osella,22,24,1989
29,alboreto,larrousse,23,13,1989
15,gugelmin,march,24,25,1989
30,alliot,larrousse,25,7,1989
20,pirro,benetton,26,9,1989
8,modena,brabham,27,0,1989
27,senna,mclaren,1,1,1990
1,prost,ferrari,2,2,1990
28,berger,mclaren,3,3,1990
2,mansell,ferrari,4,4,1990
6,patrese,williams,5,7,1990
3,satoru_nakajima,tyrrell,6,14,1990
20,piquet,benetton,7,9,1990
19,nannini,benetton,8,8,1990
10,caffi,arrows,9,21,1990
22,cesaris,dallara,10,25,1990
25,larini,ligier,11,26,1990
9,alboreto,arrows,12,22,1990
26,alliot,ligier,13,20,1990
18,dalmas,ags,14,24,1990
16,capelli,leyton,15,16,1990
30,suzuki,larrousse,16,18,1990
14,grouillard,osella,17,23,1990
15,gugelmin,leyton,18,10,1990
8,modena,brabham,19,17,1990
5,boutsen,williams,20,6,1990
11,warwick,team_lotus,21,12,1990
21,pirro,dallara,22,19,1990
12,donnelly,team_lotus,23,11,1990
29,bernard,larrousse,24,13,1990
23,martini,minardi,25,15,1990
4,alesi,tyrrell,26,5,1990
5,mansell,williams,1,2,1991
1,senna,mclaren,2,1,1991
27,prost,ferrari,3,5,1991
2,berger,mclaren,4,3,1991
19,michael_schumacher,benetton,5,7,1991
20,piquet,benetton,6,8,1991
33,cesaris,jordan,7,14,1991
16,capelli,leyton,8,12,1991
24,morbidelli,minardi,9,17,1991
21,pirro,dallara,10,16,1991
26,comas,ligier,11,22,1991
8,blundell,brabham,12,11,1991
7,brundle,brabham,13,19,1991
11,hakkinen,team_lotus,14,25,1991
15,gugelmin,leyton,15,18,1991
34,larini,lambo,16,23,1991
14,grouillard,fondmetal,17,26,1991
22,lehto,dallara,18,20,1991
4,modena,tyrrell,19,13,1991
28,alesi,ferrari,20,6,1991
6,patrese,williams,21,4,1991
3,satoru_nakajima,tyrrell,22,15,1991
29,bernard,lola,23,24,1991
23,martini,minardi,24,10,1991
32,moreno,jordan,25,9,1991
25,boutsen,ligier,26,21,1991
1,senna,mclaren,1,2,1992
20,brundle,benetton,2,9,1992
19,michael_schumacher,benetton,3,6,1992
2,berger,mclaren,4,5,1992
6,patrese,williams,5,4,1992
4,cesaris,tyrrell,6,21,1992
9,alboreto,footwork,7,16,1992
22,martini,dallara,8,22,1992
30,katayama,larrousse,9,23,1992
16,wendlinger,march,10,17,1992
21,lehto,dallara,11,14,1992
33,gugelmin,jordan,12,26,1992
5,mansell,williams,13,1,1992
25,boutsen,ligier,14,8,1992
26,comas,ligier,15,15,1992
15,tarquini,fondmetal,16,20,1992
3,grouillard,tyrrell,17,18,1992
12,herbert,team_lotus,18,13,1992
17,naspetti,march,19,24,1992
27,alesi,ferrari,20,3,1992
28,capelli,ferrari,21,7,1992
24,morbidelli,minardi,22,12,1992
29,gachot,larrousse,23,10,1992
11,hakkinen,team_lotus,24,11,1992
10,suzuki,footwork,25,19,1992
14,poele,fondmetal,26,25,1992
0,damon_hill,williams,1,2,1993
27,alesi,ferrari,2,3,1993
7,andretti,mclaren,3,9,1993
29,wendlinger,sauber,4,15,1993
6,patrese,benetton,5,10,1993
20,comas,larrousse,6,20,1993
24,martini,minardi,7,22,1993
23,fittipaldi,minardi,8,24,1993
19,alliot,larrousse,9,16,1993
22,badoer,lola,10,25,1993
11,lamy,team_lotus,11,26,1993
2,prost,williams,12,1,1993
4,cesaris,tyrrell,13,18,1993
3,katayama,tyrrell,14,17,1993
21,alboreto,lola,15,21,1993
5,michael_schumacher,benetton,16,5,1993
26,blundell,ligier,17,14,1993
28,berger,ferrari,18,6,1993
12,herbert,team_lotus,19,7,1993
25,brundle,ligier,20,12,1993
8,senna,mclaren,21,4,1993
10,suzuki,footwork,22,8,1993
9,warwick,footwork,23,11,1993
30,lehto,sauber,24,13,1993
14,barrichello,jordan,25,19,1993
15,apicella,jordan,26,23,1993
0,damon_hill,williams,1,3,1994
28,berger,ferrari,2,2,1994
7,hakkinen,mclaren,3,7,1994
14,barrichello,jordan,4,16,1994
8,brundle,mclaren,5,15,1994
2,coulthard,williams,6,5,1994
25,bernard,ligier,7,12,1994
20,comas,larrousse,8,24,1994
5,lehto,benetton,9,20,1994
26,panis,ligier,10,6,1994
31,brabham,simtek,11,26,1994
3,katayama,tyrrell,12,14,1994
9,fittipaldi,footwork,13,19,1994
15,irvine,jordan,14,9,1994
4,blundell,tyrrell,15,21,1994
23,martini,minardi,16,18,1994
24,alboreto,minardi,17,22,1994
30,frentzen,sauber,18,11,1994
29,cesaris,sauber,19,8,1994
32,gounon,simtek,20,25,1994
19,dalmas,larrousse,21,23,1994
27,alesi,ferrari,22,1,1994
12,herbert,team_lotus,23,4,1994
6,verstappen,benetton,24,10,1994
11,zanardi,team_lotus,25,13,1994
10,morbidelli,footwork,26,17,1994
2,herbert,benetton,1,8,1995
8,hakkinen,mclaren,2,7,1995
30,frentzen,sauber,3,10,1995
7,blundell,mclaren,4,9,1995
4,salo,tyrrell,5,16,1995
29,boullion,sauber,6,14,1995
9,papis,footwork,7,15,1995
10,inoue,footwork,8,20,1995
21,diniz,forti,9,23,1995
3,katayama,tyrrell,10,17,1995
27,alesi,ferrari,11,5,1995
14,barrichello,jordan,12,6,1995
15,irvine,jordan,13,12,1995
28,berger,ferrari,14,3,1995
24,badoer,minardi,15,18,1995
1,michael_schumacher,benetton,16,2,1995
5,damon_hill,williams,17,4,1995
26,panis,ligier,18,13,1995
6,coulthard,williams,19,1,1995
25,brundle,ligier,20,11,1995
16,lavaggi,pacific,21,24,1995
23,lamy,minardi,22,19,1995
17,montermini,pacific,23,21,1995
22,moreno,forti,24,22,1995
1,michael_schumacher,ferrari,1,3,1996
3,alesi,benetton,2,6,1996
7,hakkinen,mclaren,3,4,1996
12,brundle,jordan,4,9,1996
11,barrichello,jordan,5,10,1996
10,diniz,ligier,6,14,1996
6,villeneuve,williams,7,2,1996
17,verstappen,footwork,8,15,1996
14,herbert,sauber,9,12,1996
18,katayama,tyrrell,10,16,1996
16,rosset,footwork,11,19,1996
2,irvine,ferrari,12,7,1996
20,lamy,minardi,13,18,1996
19,salo,tyrrell,14,17,1996
15,frentzen,sauber,15,13,1996
5,damon_hill,williams,16,1,1996
21,lavaggi,minardi,17,20,1996
4,berger,benetton,18,8,1996
9,panis,ligier,19,11,1996
8,coulthard,mclaren,20,5,1996
10,coulthard,mclaren,1,6,1997
7,alesi,benetton,2,1,1997
4,frentzen,williams,3,2,1997
12,fisichella,jordan,4,3,1997
3,villeneuve,williams,5,4,1997
5,michael_schumacher,ferrari,6,9,1997
8,berger,benetton,7,7,1997
6,irvine,ferrari,8,10,1997
9,hakkinen,mclaren,9,5,1997
14,trulli,prost,10,16,1997
15,nakano,prost,11,15,1997
17,morbidelli,sauber,12,18,1997
22,barrichello,stewart,13,11,1997
21,marques,minardi,14,22,1997
1,damon_hill,arrows,15,14,1997
11,ralf_schumacher,jordan,16,8,1997
16,herbert,sauber,17,12,1997
19,salo,tyrrell,18,19,1997
23,magnussen,stewart,19,13,1997
18,verstappen,tyrrell,20,20,1997
20,katayama,minardi,21,21,1997
2,diniz,arrows,22,17,1997
3,michael_schumacher,ferrari,1,1,1998
4,irvine,ferrari,2,5,1998
10,ralf_schumacher,jordan,3,6,1998
8,hakkinen,mclaren,4,3,1998
14,alesi,sauber,5,8,1998
9,damon_hill,jordan,6,14,1998
2,frentzen,williams,7,12,1998
5,fisichella,benetton,8,11,1998
21,takagi,tyrrell,9,19,1998
18,barrichello,stewart,10,13,1998
23,tuero,minardi,11,22,1998
20,rosset,tyrrell,12,18,1998
12,trulli,prost,13,10,1998
19,verstappen,stewart,14,17,1998
1,villeneuve,williams,15,2,1998
17,salo,arrows,16,16,1998
6,wurz,benetton,17,7,1998
7,coulthard,mclaren,18,4,1998
11,panis,prost,19,9,1998
22,nakano,minardi,20,21,1998
15,herbert,sauber,21,15,1998
16,diniz,arrows,22,20,1998
8,frentzen,jordan,1,2,1999
6,ralf_schumacher,williams,2,5,1999
3,salo,ferrari,3,6,1999
16,barrichello,stewart,4,7,1999
2,coulthard,mclaren,5,3,1999
4,irvine,ferrari,6,8,1999
5,zanardi,williams,7,4,1999
22,villeneuve,bar,8,11,1999
11,alesi,sauber,9,13,1999
7,damon_hill,jordan,10,9,1999
18,panis,prost,11,10,1999
17,herbert,stewart,12,15,1999
15,takagi,arrows,13,22,1999
14,rosa,arrows,14,21,1999
1,hakkinen,mclaren,15,1,1999
19,trulli,prost,16,12,1999
23,zonta,bar,17,18,1999
20,badoer,minardi,18,19,1999
10,wurz,benetton,19,14,1999
12,diniz,sauber,20,16,1999
9,fisichella,benetton,21,17,1999
21,gene,minardi,22,20,1999
3,michael_schumacher,ferrari,1,1,2000
1,hakkinen,mclaren,2,3,2000
9,ralf_schumacher,williams,3,7,2000
19,verstappen,arrows,4,11,2000
12,wurz,benetton,5,13,2000
23,zonta,bar,6,17,2000
17,salo,sauber,7,15,2000
16,diniz,sauber,8,16,2000
20,gene,minardi,9,21,2000
21,mazzacane,minardi,10,22,2000
11,fisichella,benetton,11,9,2000
14,alesi,prost,12,19,2000
15,heidfeld,prost,13,20,2000
22,villeneuve,bar,14,4,2000
10,button,williams,15,12,2000
8,herbert,jaguar,16,18,2000
4,barrichello,ferrari,17,2,2000
2,coulthard,mclaren,18,5,2000
6,trulli,jordan,19,6,2000
5,frentzen,jordan,20,8,2000
18,rosa,arrows,21,10,2000
7,irvine,jaguar,22,14,2000
6,montoya,williams,1,1,2001
2,barrichello,ferrari,2,2,2001
5,ralf_schumacher,williams,3,4,2001
1,michael_schumacher,ferrari,4,3,2001
19,rosa,jaguar,5,10,2001
10,villeneuve,bar,6,15,2001
17,raikkonen,sauber,7,9,2001
12,alesi,jordan,8,16,2001
9,panis,bar,9,17,2001
7,fisichella,benetton,10,14,2001
16,heidfeld,sauber,11,8,2001
23,enge,prost,12,20,2001
21,alonso,minardi,13,21,2001
15,bernoldi,arrows,14,18,2001
20,yoong,minardi,15,22,2001
22,frentzen,prost,16,12,2001
14,verstappen,arrows,17,19,2001
3,hakkinen,mclaren,18,7,2001
18,irvine,jaguar,19,13,2001
4,coulthard,mclaren,20,6,2001
8,button,benetton,21,11,2001
11,trulli,jordan,22,5,2001
2,barrichello,ferrari,1,4,2002
1,michael_schumacher,ferrari,2,2,2002
16,irvine,jaguar,3,5,2002
14,trulli,renault,4,11,2002
15,button,renault,5,17,2002
12,panis,bar,6,16,2002
3,coulthard,mclaren,7,7,2002
9,fisichella,jordan,8,12,2002
11,villeneuve,bar,9,9,2002
7,heidfeld,sauber,10,15,2002
24,salo,toyota,11,10,2002
10,sato,jordan,12,18,2002
22,yoong,minardi,13,20,2002
6,montoya,williams,14,1,2002
4,raikkonen,mclaren,15,6,2002
23,webber,minardi,16,19,2002
8,massa,sauber,17,14,2002
17,rosa,jaguar,18,8,2002
25,mcnish,toyota,19,13,2002
5,ralf_schumacher,williams,20,3,2002
1,michael_schumacher,ferrari,1,1,2003
3,montoya,williams,2,2,2003
2,barrichello,ferrari,3,3,2003
6,raikkonen,mclaren,4,4,2003
4,gene,williams,5,5,2003
16,villeneuve,bar,6,10,2003
14,webber,jaguar,7,11,2003
8,alonso,renault,8,20,2003
9,heidfeld,sauber,9,16,2003
11,fisichella,jordan,10,13,2003
12,baumgartner,jordan,11,18,2003
18,kiesa,minardi,12,19,2003
10,frentzen,sauber,13,14,2003
5,coulthard,mclaren,14,8,2003
20,panis,toyota,15,9,2003
19,verstappen,minardi,16,17,2003
17,button,bar,17,7,2003
21,matta,toyota,18,12,2003
15,wilson,jaguar,19,15,2003
7,trulli,renault,20,6,2003
2,barrichello,ferrari,1,1,2004
1,michael_schumacher,ferrari,2,3,2004
9,button,bar,3,6,2004
10,sato,bar,4,5,2004
3,montoya,williams,5,2,2004
5,coulthard,mclaren,6,10,2004
4,pizzonia,williams,7,8,2004
11,fisichella,sauber,8,15,2004
14,webber,jaguar,9,12,2004
7,trulli,renault,10,9,2004
16,zonta,toyota,11,11,2004
12,massa,sauber,12,16,2004
15,klien,jaguar,13,14,2004
18,heidfeld,jordan,14,20,2004
21,baumgartner,minardi,15,19,2004
8,alonso,renault,16,4,2004
19,pantano,jordan,17,17,2004
20,bruni,minardi,18,18,2004
6,raikkonen,mclaren,19,7,2004
17,panis,toyota,20,13,2004
10,montoya,mclaren,1,1,2005
5,alonso,renault,2,2,2005
6,fisichella,renault,3,8,2005
9,raikkonen,mclaren,4,11,2005
16,trulli,toyota,5,5,2005
17,ralf_schumacher,toyota,6,9,2005
8,pizzonia,williams,7,16,2005
3,button,bar,8,3,2005
12,massa,sauber,9,15,2005
1,michael_schumacher,ferrari,10,6,2005
11,villeneuve,sauber,11,12,2005
2,barrichello,ferrari,12,7,2005
15,klien,red_bull,13,13,2005
7,webber,williams,14,14,2005
14,coulthard,red_bull,15,10,2005
4,sato,bar,16,4,2005
18,monteiro,jordan,17,17,2005
20,doornbos,minardi,18,18,2005
21,albers,minardi,19,20,2005
19,karthikeyan,jordan,20,19,2005
5,michael_schumacher,ferrari,1,2,2006
3,raikkonen,mclaren,2,1,2006
17,kubica,bmw_sauber,3,6,2006
2,fisichella,renault,4,9,2006
12,button,honda,5,5,2006
11,barrichello,honda,6,8,2006
8,trulli,toyota,7,11,2006
16,heidfeld,bmw_sauber,8,3,2006
6,massa,ferrari,9,4,2006
9,webber,williams,10,19,2006
15,klien,red_bull,11,16,2006
14,coulthard,red_bull,12,14,2006
21,speed,toro_rosso,13,15,2006
20,liuzzi,toro_rosso,14,17,2006
7,ralf_schumacher,toyota,15,13,2006
22,sato,super_aguri,16,21,2006
19,albers,spyker_mf1,17,18,2006
18,monteiro,spyker_mf1,18,20,2006
1,alonso,renault,19,10,2006
4,rosa,mclaren,20,7,2006
23,yamamoto,super_aguri,21,22,2006
10,rosberg,williams,22,12,2006
1,alonso,mclaren,1,1,2007
2,hamilton,mclaren,2,2,2007
6,raikkonen,ferrari,3,5,2007
9,heidfeld,bmw_sauber,4,4,2007
10,kubica,bmw_sauber,5,6,2007
16,rosberg,williams,6,8,2007
4,kovalainen,renault,7,7,2007
7,button,honda,8,10,2007
15,webber,red_bull,9,11,2007
8,barrichello,honda,10,12,2007
12,trulli,toyota,11,9,2007
3,fisichella,renault,12,15,2007
17,wurz,williams,13,13,2007
23,davidson,super_aguri,14,14,2007
11,ralf_schumacher,toyota,15,18,2007
22,sato,super_aguri,16,17,2007
18,liuzzi,toro_rosso,17,19,2007
19,vettel,toro_rosso,18,16,2007
20,sutil,spyker,19,21,2007
21,yamamoto,spyker,20,22,2007
5,massa,ferrari,21,3,2007
14,coulthard,red_bull,22,20,2007
15,vettel,toro_rosso,1,1,2008
23,kovalainen,mclaren,2,2,2008
4,kubica,bmw_sauber,3,11,2008
5,alonso,renault,4,8,2008
3,heidfeld,bmw_sauber,5,10,2008
2,massa,ferrari,6,6,2008
22,hamilton,mclaren,7,15,2008
10,webber,red_bull,8,3,2008
1,raikkonen,ferrari,9,14,2008
6,piquet_jr,renault,10,17,2008
12,glock,toyota,11,9,2008
8,nakajima,williams,12,18,2008
11,trulli,toyota,13,7,2008
7,rosberg,williams,14,5,2008
16,button,honda,15,19,2008
9,coulthard,red_bull,16,13,2008
17,barrichello,honda,17,16,2008
14,bourdais,toro_rosso,18,4,2008
20,sutil,force_india,19,20,2008
21,fisichella,force_india,20,12,2008
23,barrichello,brawn,1,5,2009
22,button,brawn,2,6,2009
4,raikkonen,ferrari,3,3,2009
20,sutil,force_india,4,2,2009
7,alonso,renault,5,8,2009
2,kovalainen,mclaren,6,4,2009
6,heidfeld,bmw_sauber,7,15,2009
15,vettel,red_bull,8,9,2009
3,fisichella,ferrari,9,14,2009
17,nakajima,williams,10,17,2009
10,glock,toyota,11,16,2009
1,hamilton,mclaren,12,1,2009
12,buemi,toro_rosso,13,19,2009
9,trulli,toyota,14,11,2009
8,grosjean,renault,15,12,2009
16,rosberg,williams,16,18,2009
21,liuzzi,force_india,17,7,2009
11,alguersuari,toro_rosso,18,20,2009
5,kubica,bmw_sauber,19,13,2009
14,webber,red_bull,20,10,2009
8,alonso,ferrari,1,1,2010
1,button,mclaren,2,2,2010
7,massa,ferrari,3,3,2010
5,vettel,red_bull,4,6,2010
4,rosberg,mercedes,5,7,2010
6,webber,red_bull,6,4,2010
10,hulkenberg,williams,7,8,2010
11,kubica,renault,8,9,2010
3,michael_schumacher,mercedes,9,12,2010
9,barrichello,williams,10,10,2010
16,buemi,toro_rosso,11,14,2010
15,liuzzi,force_india,12,19,2010
12,petrov,renault,13,20,2010
22,rosa,sauber,14,16,2010
17,alguersuari,toro_rosso,15,15,2010
14,sutil,force_india,16,11,2010
24,glock,virgin,17,24,2010
19,kovalainen,lotus_racing,18,18,2010
20,yamamoto,hrt,19,23,2010
25,grassi,virgin,20,21,2010
18,trulli,lotus_racing,21,17,2010
21,bruno_senna,hrt,22,22,2010
2,hamilton,mclaren,23,5,2010
23,kobayashi,sauber,24,13,2010
1,vettel,red_bull,1,1,2011
4,button,mclaren,2,3,2011
5,alonso,ferrari,3,4,2011
3,hamilton,mclaren,4,2,2011
7,michael_schumacher,mercedes,5,8,2011
6,massa,ferrari,6,6,2011
19,alguersuari,toro_rosso,7,18,2011
15,resta,force_india,8,11,2011
9,bruno_senna,renault,9,10,2011
18,buemi,toro_rosso,10,16,2011
12,maldonado,williams,11,14,2011
11,barrichello,williams,12,13,2011
20,kovalainen,lotus_racing,13,20,2011
21,trulli,lotus_racing,14,19,2011
24,glock,virgin,15,21,2011
22,ricciardo,hrt,16,23,2011
17,perez,sauber,17,15,2011
16,kobayashi,sauber,18,17,2011
14,sutil,force_india,19,12,2011
2,webber,red_bull,20,5,2011
25,ambrosio,virgin,21,22,2011
10,petrov,renault,22,7,2011
8,rosberg,mercedes,23,9,2011
23,liuzzi,hrt,24,24,2011
4,hamilton,mclaren,1,1,2012
15,perez,sauber,2,12,2012
5,alonso,ferrari,3,10,2012
6,massa,ferrari,4,3,2012
9,raikkonen,lotus_f1,5,7,2012
7,michael_schumacher,mercedes,6,4,2012
8,rosberg,mercedes,7,6,2012
11,resta,force_india,8,9,2012
14,kobayashi,sauber,9,8,2012
19,bruno_senna,williams,10,13,2012
18,maldonado,williams,11,22,2012
16,ricciardo,toro_rosso,12,14,2012
10,ambrosio,lotus_f1,13,15,2012
20,kovalainen,caterham,14,17,2012
21,petrov,caterham,15,18,2012
25,pic,marussia,16,20,2012
24,glock,marussia,17,19,2012
22,rosa,hrt,18,23,2012
23,karthikeyan,hrt,19,21,2012
2,webber,red_bull,20,11,2012
12,hulkenberg,force_india,21,24,2012
1,vettel,red_bull,22,5,2012
3,button,mclaren,23,2,2012
17,vergne,toro_rosso,24,16,2012
1,vettel,red_bull,1,1,2013
3,alonso,ferrari,2,5,2013
2,webber,red_bull,3,2,2013
4,massa,ferrari,4,4,2013
11,hulkenberg,sauber,5,3,2013
9,rosberg,mercedes,6,6,2013
19,ricciardo,toro_rosso,7,7,2013
8,grosjean,lotus_f1,8,13,2013
10,hamilton,mercedes,9,12,2013
5,button,mclaren,10,9,2013
7,raikkonen,lotus_f1,11,11,2013
6,perez,mclaren,12,8,2013
12,gutierrez,sauber,13,16,2013
16,maldonado,williams,14,14,2013
17,bottas,williams,15,18,2013
15,sutil,force_india,16,17,2013
20,pic,caterham,17,20,2013
21,garde,caterham,18,19,2013
22,jules_bianchi,marussia,19,21,2013
23,chilton,marussia,20,22,2013
18,vergne,toro_rosso,21,10,2013
14,resta,force_india,22,15,2013
44,hamilton,mercedes,1,1,2014
6,rosberg,mercedes,2,2,2014
19,massa,williams,3,4,2014
77,bottas,williams,4,3,2014
3,ricciardo,red_bull,5,9,2014
1,vettel,red_bull,6,8,2014
11,perez,force_india,7,10,2014
22,button,mclaren,8,6,2014
7,raikkonen,ferrari,9,11,2014
20,kevin_magnussen,mclaren,10,5,2014
26,kvyat,toro_rosso,11,21,2014
27,hulkenberg,force_india,12,13,2014
25,vergne,toro_rosso,13,12,2014
13,maldonado,lotus_f1,14,16,2014
99,sutil,sauber,15,14,2014
8,grosjean,lotus_f1,16,17,2014
10,kobayashi,caterham,17,18,2014
17,jules_bianchi,marussia,18,19,2014
21,gutierrez,sauber,19,15,2014
9,ericsson,caterham,20,22,2014
14,alonso,ferrari,21,7,2014
4,chilton,marussia,22,20,2014
44,hamilton,mercedes,1,1,2015
5,vettel,ferrari,2,3,2015
19,massa,williams,3,5,2015
77,bottas,williams,4,6,2015
7,raikkonen,ferrari,5,2,2015
11,perez,force_india,6,7,2015
27,hulkenberg,force_india,7,9,2015
3,ricciardo,red_bull,8,19,2015
9,ericsson,sauber,9,12,2015
26,kvyat,red_bull,10,18,2015
55,sainz,toro_rosso,11,17,2015
33,max_verstappen,toro_rosso,12,20,2015
12,nasr,sauber,13,17,2015
22,button,mclaren,14,15,2015
28,stevens,manor,15,13,2015
98,merhi,manor,16,14,2015
6,rosberg,mercedes,17,4,2015
14,alonso,mclaren,18,16,2015
8,grosjean,lotus_f1,19,8,2015
13,maldonado,lotus_f1,20,10,2015
6,rosberg,mercedes,1,2,2016
44,hamilton,mercedes,2,1,2016
5,vettel,ferrari,3,3,2016
7,raikkonen,ferrari,4,4,2016
3,ricciardo,red_bull,5,6,2016
77,bottas,williams,6,5,2016
33,max_verstappen,red_bull,7,7,2016
11,perez,force_india,8,8,2016
19,massa,williams,9,11,2016
27,hulkenberg,force_india,10,9,2016
8,grosjean,haas,11,17,2016
22,button,mclaren,12,14,2016
21,gutierrez,haas,13,10,2016
14,alonso,mclaren,14,12,2016
55,sainz,toro_rosso,15,15,2016
9,ericsson,sauber,16,19,2016
20,kevin_magnussen,renault,17,21,2016
31,ocon,manor,18,22,2016
26,kvyat,toro_rosso,19,16,2016
94,wehrlein,manor,20,13,2016
30,jolyon_palmer,renault,21,20,2016
12,nasr,sauber,22,18,2016
44,hamilton,mercedes,1,1,2017
77,bottas,mercedes,2,4,2017
5,vettel,ferrari,3,6,2017
3,ricciardo,red_bull,4,16,2017
7,raikkonen,ferrari,5,5,2017
31,ocon,force_india,6,3,2017
18,stroll,williams,7,2,2017
19,massa,williams,8,7,2017
11,perez,force_india,9,10,2017
33,max_verstappen,red_bull,10,13,2017
20,kevin_magnussen,haas,11,9,2017
26,kvyat,toro_rosso,12,8,2017
27,hulkenberg,renault,13,14,2017
55,sainz,toro_rosso,14,15,2017
8,grosjean,haas,15,20,2017
94,wehrlein,sauber,16,12,2017
14,alonso,mclaren,17,19,2017
9,ericsson,sauber,18,11,2017
2,vandoorne,mclaren,19,18,2017
30,jolyon_palmer,renault,20,17,2017
44,hamilton,mercedes,1,3,2018
7,raikkonen,ferrari,2,1,2018
77,bottas,mercedes,3,4,2018
5,vettel,ferrari,4,2,2018
33,max_verstappen,red_bull,5,5,2018
31,ocon,force_india,6,8,2018
11,perez,force_india,7,14,2018
55,sainz,renault,8,7,2018
18,stroll,williams,9,10,2018
35,sirotkin,williams,10,12,2018
16,leclerc,sauber,11,15,2018
2,vandoorne,mclaren,12,17,2018
27,hulkenberg,renault,13,20,2018
10,gasly,toro_rosso,14,9,2018
9,ericsson,sauber,15,18,2018
20,kevin_magnussen,haas,16,11,2018
3,ricciardo,red_bull,17,19,2018
14,alonso,mclaren,18,13,2018
28,brendon_hartley,toro_rosso,19,16,2018
8,grosjean,haas,20,6,2018
16,leclerc,ferrari,1,1,2019
77,bottas,mercedes,2,3,2019
44,hamilton,mercedes,3,2,2019
3,ricciardo,renault,4,5,2019
27,hulkenberg,renault,5,6,2019
23,albon,red_bull,6,8,2019
11,perez,racing_point,7,18,2019
33,max_verstappen,red_bull,8,19,2019
99,giovinazzi,alfa,9,10,2019
4,norris,mclaren,10,16,2019
10,gasly,toro_rosso,11,17,2019
18,stroll,racing_point,12,9,2019
5,vettel,ferrari,13,4,2019
63,russell,williams,14,14,2019
7,raikkonen,alfa,15,0,2019
8,grosjean,haas,16,13,2019
88,kubica,williams,17,15,2019
20,kevin_magnussen,haas,18,11,2019
26,kvyat,toro_rosso,19,12,2019
55,sainz,mclaren,20,7,2019
10,gasly,alphatauri,1,10,2020
55,sainz,mclaren,2,3,2020
18,stroll,racing_point,3,8,2020
4,norris,mclaren,4,6,2020
77,bottas,mercedes,5,2,2020
3,ricciardo,renault,6,7,2020
44,hamilton,mercedes,7,1,2020
31,ocon,renault,8,12,2020
26,kvyat,alphatauri,9,11,2020
11,perez,racing_point,10,4,2020
6,latifi,williams,11,20,2020
8,grosjean,haas,12,16,2020
7,raikkonen,alfa,13,14,2020
63,russell,williams,14,19,2020
23,albon,red_bull,15,9,2020
99,giovinazzi,alfa,16,18,2020
33,max_verstappen,red_bull,17,5,2020
16,leclerc,ferrari,18,13,2020
20,kevin_magnussen,haas,19,15,2020
5,vettel,ferrari,20,17,2020
3,ricciardo,mclaren,1,2,2021
4,norris,mclaren,2,3,2021
77,bottas,mercedes,3,19,2021
16,leclerc,ferrari,4,5,2021
11,perez,red_bull,5,8,2021
55,sainz,ferrari,6,6,2021
18,stroll,aston_martin,7,9,2021
14,alonso,alpine,8,10,2021
63,russell,williams,9,14,2021
31,ocon,alpine,10,12,2021
6,latifi,williams,11,13,2021
5,vettel,aston_martin,12,11,2021
99,giovinazzi,alfa,13,7,2021
88,kubica,alfa,14,17,2021
47,mick_schumacher,haas,15,18,2021
9,mazepin,haas,16,16,2021
44,hamilton,mercedes,17,4,2021
33,max_verstappen,red_bull,18,1,2021
10,gasly,alphatauri,19,0,2021
22,tsunoda,alphatauri,20,0,2021
1,max_verstappen,red_bull,1,7,2022
16,leclerc,ferrari,2,1,2022
63,russell,mercedes,3,2,2022
55,sainz,ferrari,4,18,2022
44,hamilton,mercedes,5,19,2022
11,perez,red_bull,6,13,2022
4,norris,mclaren,7,3,2022
10,gasly,alphatauri,8,5,2022
45,de_vries,williams,9,8,2022
24,zhou,alfa,10,9,2022
31,ocon,alpine,11,14,2022
47,mick_schumacher,haas,12,17,2022
77,bottas,alfa,13,15,2022
22,tsunoda,alphatauri,14,20,2022
6,latifi,williams,15,10,2022
20,kevin_magnussen,haas,16,16,2022
3,ricciardo,mclaren,17,4,2022
18,stroll,aston_martin,18,12,2022
14,alonso,alpine,19,6,2022
5,vettel,aston_martin,20,11,2022
1,max_verstappen,red_bull,1,2,2023
11,perez,red_bull,2,5,2023
55,sainz,ferrari,3,1,2023
16,leclerc,ferrari,4,3,2023
63,russell,mercedes,5,4,2023
44,hamilton,mercedes,6,8,2023
23,albon,williams,7,6,2023
4,norris,mclaren,8,9,2023
14,alonso,aston_martin,9,10,2023
77,bottas,alfa,10,14,2023
40,lawson,alphatauri,11,12,2023
81,piastri,mclaren,12,7,2023
2,sargeant,williams,13,15,2023
24,zhou,alfa,14,16,2023
10,gasly,alpine,15,17,2023
18,stroll,aston_martin,16,20,2023
27,hulkenberg,haas,17,13,2023
20,kevin_magnussen,haas,18,19,2023
31,ocon,alpine,19,18,2023
22,tsunoda,alphatauri,20,11,2023
16,leclerc,ferrari,1,4,2024
81,piastri,mclaren,2,2,2024
4,norris,mclaren,3,1,2024
55,sainz,ferrari,4,5,2024
44,hamilton,mercedes,5,6,2024
1,max_verstappen,red_bull,6,7,2024
63,russell,mercedes,7,3,2024
11,perez,red_bull,8,8,2024
23,albon,williams,9,9,2024
20,kevin_magnussen,haas,10,13,2024
14,alonso,aston_martin,11,11,2024
43,colapinto,williams,12,18,2024
3,ricciardo,rb,13,12,2024
31,ocon,alpine,14,15,2024
10,gasly,alpine,15,14,2024
77,bottas,sauber,16,19,2024
27,hulkenberg,haas,17,10,2024
24,zhou,sauber,18,20,2024
18,stroll,aston_martin,19,17,2024
22,tsunoda,rb,20,16,2024
